{"stats":{"minecraft:used":{"minecraft:oak_log":1,"minecraft:apple":2,"minecraft:stone_sword":1,"minecraft:chicken":1,"minecraft:stone_pickaxe":94,"minecraft:wooden_pickaxe":3,"minecraft:gravel":13,"minecraft:stone_axe":18,"minecraft:dirt":12,"minecraft:crafting_table":2,"alexsmobs:animal_dictionary":2},"minecraft:picked_up":{"minecraft:raw_iron":1,"minecraft:stick":6,"minecraft:crafting_table":1,"minecraft:feather":1,"minecraft:chicken":1,"minecraft:gravel":13,"minecraft:oak_log":22,"minecraft:dirt":17,"minecraft:apple":2,"minecraft:oak_sapling":12,"minecraft:coal":23,"minecraft:cobblestone":58},"minecraft:mined":{"minecraft:iron_ore":1,"minecraft:crafting_table":1,"minecraft:grass":1,"minecraft:coal_ore":23,"minecraft:grass_block":1,"minecraft:oak_log":22,"minecraft:vine":1,"minecraft:gravel":13,"minecraft:dirt":16,"minecraft:stone":60,"minecraft:oak_leaves":4},"minecraft:crafted":{"minecraft:oak_planks":52,"minecraft:crafting_table":2,"minecraft:stick":8,"minecraft:wooden_pickaxe":1,"minecraft:stone_pickaxe":1,"minecraft:stone_sword":1,"minecraft:torch":8,"minecraft:stone_axe":1},"minecraft:custom":{"minecraft:time_since_rest":17515,"minecraft:sprint_one_cm":13611,"minecraft:damage_taken":150,"minecraft:walk_one_cm":30942,"minecraft:mob_kills":1,"minecraft:damage_dealt":223,"minecraft:interact_with_crafting_table":4,"minecraft:fly_one_cm":8435,"minecraft:crouch_one_cm":1174,"minecraft:play_time":17515,"minecraft:sneak_time":319,"minecraft:jump":89,"minecraft:time_since_death":17515,"minecraft:walk_on_water_one_cm":885,"minecraft:climb_one_cm":1054,"minecraft:total_world_time":17515,"minecraft:fall_one_cm":1739},"minecraft:killed":{"minecraft:chicken":1}},"DataVersion":3465}