{"stats":{"minecraft:used":{"alexsmobs:animal_dictionary":1},"minecraft:picked_up":{"minecraft:oak_log":1},"minecraft:mined":{"minecraft:oak_log":1,"minecraft:oak_leaves":3},"minecraft:crafted":{"minecraft:crafting_table":1,"minecraft:oak_planks":4},"minecraft:custom":{"minecraft:jump":19,"minecraft:time_since_rest":5515,"minecraft:damage_dealt":174,"minecraft:sprint_one_cm":1166,"minecraft:play_time":5515,"minecraft:damage_taken":150,"minecraft:time_since_death":5515,"minecraft:walk_one_cm":5549,"minecraft:climb_one_cm":762,"minecraft:total_world_time":5515,"minecraft:fall_one_cm":694,"minecraft:fly_one_cm":2562}},"DataVersion":3465}