{"stats":{"minecraft:used":{"minecraft:stone_sword":133,"minecraft:ladder":1,"minecraft:chest":5,"minecraft:spruce_planks":12,"minecraft:shield":2,"minecraft:stone_hoe":46,"minecraft:torch":9,"minecraft:dirt":18,"minecraft:spruce_stairs":3,"minecraft:iron_axe":157,"minecraft:lantern":1,"minecraft:beef":7,"minecraft:bow":72,"minecraft:furnace":4,"minecraft:potato":1,"minecraft:cherry_log":5,"minecraft:golden_boots":1,"minecraft:stone_pickaxe":106,"minecraft:oak_planks":21,"minecraft:wooden_pickaxe":3,"minecraft:cauldron":2,"minecraft:fletching_table":4,"minecraft:crafting_table":11,"minecraft:red_bed":5,"minecraft:white_bed":3,"minecraft:oak_log":2,"minecraft:apple":6,"minecraft:chicken":6,"minecraft:bread":11,"minecraft:iron_pickaxe":5,"minecraft:gravel":13,"minecraft:stone_axe":376,"minecraft:pink_petals":9,"minecraft:cobblestone":31,"minecraft:cooked_porkchop":7,"minecraft:porkchop":1,"alexsmobs:animal_dictionary":2},"minecraft:picked_up":{"minecraft:fishing_rod":1,"minecraft:crafting_table":4,"minecraft:chicken":7,"minecraft:ladder":1,"minecraft:brown_mushroom":2,"minecraft:stone_slab":4,"minecraft:oak_stairs":1,"minecraft:string":1,"minecraft:oak_trapdoor":2,"minecraft:red_bed":5,"minecraft:spruce_planks":12,"minecraft:beef":52,"minecraft:poppy":1,"minecraft:chest":2,"minecraft:furnace":2,"minecraft:raw_iron":1,"minecraft:stick":117,"minecraft:oak_fence":2,"minecraft:torch":6,"minecraft:spruce_stairs":6,"minecraft:spruce_fence":1,"minecraft:porkchop":30,"minecraft:dried_kelp":4,"minecraft:cherry_log":361,"minecraft:cauldron":4,"minecraft:arrow":2,"minecraft:rotten_flesh":5,"minecraft:hay_block":32,"minecraft:mutton":8,"minecraft:cobblestone":64,"minecraft:white_wool":5,"minecraft:pink_petals":66,"minecraft:feather":7,"minecraft:salmon":3,"minecraft:leather":31,"minecraft:oak_log":52,"minecraft:lantern":2,"minecraft:dirt":18,"minecraft:bone":2,"minecraft:apple":3,"minecraft:kelp":2,"minecraft:bow":3,"minecraft:wheat_seeds":4,"minecraft:grindstone":1,"minecraft:iron_ingot":7,"minecraft:fletching_table":3,"minecraft:bamboo":67,"minecraft:oak_planks":5,"minecraft:cooked_porkchop":4,"minecraft:gravel":13,"minecraft:white_bed":2,"minecraft:barrel":1,"minecraft:sugar":2,"minecraft:cherry_sapling":368,"alexsmobs:maggot":1,"minecraft:oak_sapling":16,"minecraft:coal":42},"minecraft:dropped":{"minecraft:golden_boots":1,"minecraft:stone_hoe":10,"minecraft:porkchop":17,"minecraft:wheat_seeds":2,"minecraft:crossbow":11,"minecraft:cobblestone":1,"minecraft:spruce_stairs":3,"minecraft:mutton":8,"minecraft:dried_kelp":4,"minecraft:oak_stairs":1,"minecraft:pink_petals":38,"minecraft:cauldron":1,"minecraft:kelp":2,"minecraft:oak_trapdoor":2,"minecraft:wheat":35,"minecraft:cherry_sapling":359,"minecraft:chicken":1,"minecraft:stone_slab":4,"minecraft:spruce_fence":1,"minecraft:poppy":1,"minecraft:oak_sapling":4,"minecraft:bamboo":3,"minecraft:arrow":1,"minecraft:bow":17,"minecraft:stone_pickaxe":10,"minecraft:beef":45},"minecraft:mined":{"minecraft:spruce_planks":12,"minecraft:white_bed":3,"minecraft:cherry_log":383,"minecraft:ladder":1,"minecraft:grass_block":2,"minecraft:spruce_fence":1,"minecraft:spruce_leaves":1,"minecraft:hay_block":33,"minecraft:oak_trapdoor":2,"minecraft:furnace":2,"minecraft:iron_ore":1,"minecraft:barrel":1,"minecraft:fletching_table":3,"minecraft:vine":1,"minecraft:water_cauldron":1,"minecraft:oak_stairs":1,"minecraft:lantern":2,"minecraft:bamboo":7,"minecraft:stone":61,"minecraft:brown_mushroom":1,"minecraft:red_bed":5,"minecraft:oak_fence":2,"minecraft:crafting_table":4,"minecraft:torch":3,"minecraft:chest":2,"minecraft:stone_slab":2,"minecraft:tall_grass":1,"minecraft:cobblestone":5,"minecraft:grindstone":1,"minecraft:oak_planks":5,"minecraft:wall_torch":3,"minecraft:cauldron":2,"minecraft:pink_petals":5,"minecraft:spruce_stairs":6,"minecraft:birch_door":1,"minecraft:grass":16,"minecraft:coal_ore":23,"minecraft:oak_log":52,"minecraft:cherry_leaves":3,"minecraft:gravel":13,"minecraft:dirt":16,"minecraft:oak_leaves":4},"minecraft:crafted":{"minecraft:cherry_planks":1424,"minecraft:oak_planks":200,"minecraft:furnace":2,"minecraft:bookshelf":3,"minecraft:bow":14,"minecraft:iron_axe":2,"minecraft:stone_pickaxe":11,"minecraft:chest":3,"minecraft:stone_hoe":11,"minecraft:wheat":171,"minecraft:crossbow":11,"minecraft:arrow":89,"minecraft:emerald":101,"minecraft:cooked_porkchop":8,"minecraft:crafting_table":7,"minecraft:wooden_pickaxe":1,"minecraft:fletching_table":1,"minecraft:stone_axe":3,"minecraft:bread":57,"minecraft:shield":1,"minecraft:stick":3080,"minecraft:iron_ingot":1,"minecraft:stone_sword":1,"minecraft:white_bed":1,"minecraft:torch":8},"minecraft:custom":{"minecraft:mob_kills":74,"minecraft:interact_with_crafting_table":28,"minecraft:open_barrel":9,"minecraft:interact_with_campfire":4,"minecraft:time_since_death":143515,"minecraft:climb_one_cm":4544,"minecraft:sprint_one_cm":324012,"minecraft:walk_one_cm":249031,"minecraft:damage_blocked_by_shield":50,"minecraft:drop":181,"minecraft:talked_to_villager":54,"minecraft:play_time":143515,"minecraft:sneak_time":3298,"minecraft:walk_under_water_one_cm":3924,"minecraft:jump":1293,"minecraft:walk_on_water_one_cm":11931,"minecraft:total_world_time":143515,"minecraft:interact_with_furnace":8,"minecraft:traded_with_villager":158,"minecraft:sleep_in_bed":6,"minecraft:time_since_rest":17111,"minecraft:damage_taken":1147,"minecraft:damage_dealt":7307,"minecraft:swim_one_cm":27802,"minecraft:fly_one_cm":235660,"minecraft:open_chest":54,"minecraft:crouch_one_cm":3752,"minecraft:fall_one_cm":30901},"minecraft:broken":{"minecraft:stone_sword":1,"minecraft:stone_axe":3},"minecraft:killed":{"minecraft:witch":2,"minecraft:spider":3,"minecraft:skeleton":1,"alexsmobs:blue_jay":1,"minecraft:chicken":7,"minecraft:pig":13,"alexsmobs:grizzly_bear":1,"alexsmobs:skunk":1,"minecraft:salmon":3,"minecraft:iron_golem":2,"minecraft:sheep":6,"minecraft:zombie":6,"minecraft:cow":26}},"DataVersion":3465}