{"stats":{"minecraft:used":{"minecraft:stone_sword":129,"minecraft:stone_pickaxe":101,"minecraft:oak_planks":4,"minecraft:spruce_planks":12,"minecraft:chest":3,"minecraft:wooden_pickaxe":3,"minecraft:cauldron":2,"minecraft:torch":6,"minecraft:dirt":17,"minecraft:crafting_table":3,"minecraft:white_bed":1,"minecraft:oak_log":2,"minecraft:apple":2,"minecraft:chicken":6,"minecraft:gravel":13,"minecraft:stone_axe":66,"minecraft:beef":6,"minecraft:porkchop":1,"minecraft:furnace":4,"minecraft:cooked_porkchop":6,"alexsmobs:animal_dictionary":2},"minecraft:picked_up":{"minecraft:pink_petals":19,"minecraft:crafting_table":2,"minecraft:feather":7,"minecraft:chicken":7,"minecraft:leather":19,"minecraft:brown_mushroom":2,"minecraft:oak_log":23,"minecraft:dirt":17,"minecraft:red_bed":1,"minecraft:apple":2,"minecraft:wheat_seeds":2,"minecraft:spruce_planks":12,"minecraft:grindstone":1,"minecraft:beef":31,"minecraft:bamboo":67,"minecraft:chest":1,"minecraft:furnace":2,"minecraft:stick":11,"minecraft:raw_iron":1,"minecraft:oak_fence":2,"minecraft:torch":3,"minecraft:gravel":13,"minecraft:porkchop":13,"minecraft:cherry_log":28,"minecraft:white_bed":1,"minecraft:cauldron":2,"minecraft:rotten_flesh":5,"minecraft:sugar":2,"minecraft:cherry_sapling":17,"alexsmobs:maggot":1,"minecraft:oak_sapling":12,"minecraft:mutton":5,"minecraft:coal":42,"minecraft:white_wool":3,"minecraft:cobblestone":59},"minecraft:mined":{"minecraft:white_bed":1,"minecraft:spruce_planks":12,"minecraft:brown_mushroom":1,"minecraft:red_bed":1,"minecraft:cherry_log":28,"minecraft:oak_fence":2,"minecraft:crafting_table":2,"minecraft:grass_block":1,"minecraft:chest":1,"minecraft:grindstone":1,"minecraft:wall_torch":3,"minecraft:cauldron":2,"minecraft:pink_petals":4,"minecraft:furnace":2,"minecraft:iron_ore":1,"minecraft:grass":10,"minecraft:oak_log":23,"minecraft:coal_ore":23,"minecraft:vine":1,"minecraft:cherry_leaves":3,"minecraft:gravel":13,"minecraft:dirt":16,"minecraft:bamboo":7,"minecraft:stone":61,"minecraft:oak_leaves":4},"minecraft:crafted":{"minecraft:oak_planks":52,"minecraft:cooked_porkchop":8,"minecraft:crafting_table":2,"minecraft:wooden_pickaxe":1,"minecraft:furnace":2,"minecraft:stone_axe":1,"minecraft:stick":8,"minecraft:iron_ingot":1,"minecraft:stone_pickaxe":1,"minecraft:stone_sword":1,"minecraft:chest":2,"minecraft:torch":8},"minecraft:custom":{"minecraft:interact_with_furnace":8,"minecraft:mob_kills":42,"minecraft:interact_with_crafting_table":9,"minecraft:time_since_death":41515,"minecraft:climb_one_cm":1728,"minecraft:time_since_rest":41515,"minecraft:sprint_one_cm":95495,"minecraft:damage_taken":755,"minecraft:walk_one_cm":100335,"minecraft:damage_dealt":4696,"minecraft:fly_one_cm":63972,"minecraft:open_chest":14,"minecraft:crouch_one_cm":2354,"minecraft:play_time":41515,"minecraft:sneak_time":1201,"minecraft:jump":424,"minecraft:walk_on_water_one_cm":3334,"minecraft:total_world_time":41515,"minecraft:fall_one_cm":11276},"minecraft:killed":{"minecraft:pig":6,"minecraft:witch":1,"minecraft:spider":1,"minecraft:sheep":3,"alexsmobs:blue_jay":1,"minecraft:zombie":4,"minecraft:chicken":7,"minecraft:cow":18}},"DataVersion":3465}