{"stats":{"minecraft:used":{"minecraft:stone_sword":133,"minecraft:stone_pickaxe":106,"minecraft:ladder":1,"minecraft:oak_planks":9,"minecraft:spruce_planks":12,"minecraft:chest":4,"minecraft:wooden_pickaxe":3,"minecraft:cauldron":2,"minecraft:fletching_table":2,"minecraft:torch":9,"minecraft:dirt":17,"minecraft:crafting_table":5,"minecraft:red_bed":5,"minecraft:spruce_stairs":3,"minecraft:white_bed":1,"minecraft:oak_log":2,"minecraft:apple":2,"minecraft:lantern":1,"minecraft:chicken":6,"minecraft:bread":6,"minecraft:gravel":13,"minecraft:pink_petals":8,"minecraft:stone_axe":272,"minecraft:bow":53,"minecraft:beef":7,"minecraft:porkchop":1,"minecraft:furnace":4,"minecraft:cooked_porkchop":6,"alexsmobs:animal_dictionary":2},"minecraft:picked_up":{"minecraft:pink_petals":62,"minecraft:crafting_table":3,"minecraft:feather":7,"minecraft:ladder":1,"minecraft:chicken":7,"minecraft:salmon":3,"minecraft:stone_slab":4,"minecraft:leather":25,"minecraft:brown_mushroom":2,"minecraft:oak_stairs":1,"minecraft:oak_log":23,"minecraft:dirt":17,"minecraft:red_bed":5,"minecraft:lantern":2,"minecraft:apple":2,"minecraft:bow":1,"minecraft:wheat_seeds":2,"minecraft:spruce_planks":12,"minecraft:grindstone":1,"minecraft:beef":41,"minecraft:fletching_table":2,"minecraft:bamboo":67,"minecraft:chest":2,"minecraft:oak_planks":5,"minecraft:furnace":2,"minecraft:stick":58,"minecraft:raw_iron":1,"minecraft:oak_fence":2,"minecraft:spruce_fence":1,"minecraft:torch":6,"minecraft:spruce_stairs":5,"minecraft:gravel":13,"minecraft:porkchop":26,"minecraft:cherry_log":194,"minecraft:white_bed":1,"minecraft:cauldron":4,"minecraft:rotten_flesh":5,"minecraft:sugar":2,"minecraft:cherry_sapling":208,"alexsmobs:maggot":1,"minecraft:oak_sapling":12,"minecraft:mutton":8,"minecraft:coal":42,"minecraft:white_wool":5,"minecraft:cobblestone":59},"minecraft:dropped":{"minecraft:porkchop":17,"minecraft:cherry_sapling":164,"minecraft:chicken":1,"minecraft:spruce_fence":1,"minecraft:mutton":5,"minecraft:oak_stairs":1,"minecraft:bow":1,"minecraft:beef":34,"minecraft:pink_petals":35,"minecraft:cauldron":1},"minecraft:mined":{"minecraft:white_bed":1,"minecraft:spruce_planks":12,"minecraft:brown_mushroom":1,"minecraft:red_bed":5,"minecraft:cherry_log":209,"minecraft:oak_fence":2,"minecraft:crafting_table":3,"minecraft:torch":3,"minecraft:ladder":1,"minecraft:spruce_fence":1,"minecraft:grass_block":1,"minecraft:chest":2,"minecraft:stone_slab":2,"minecraft:grindstone":1,"minecraft:oak_planks":5,"minecraft:wall_torch":3,"minecraft:cauldron":2,"minecraft:hay_block":1,"minecraft:pink_petals":4,"minecraft:spruce_stairs":5,"minecraft:furnace":2,"minecraft:iron_ore":1,"minecraft:fletching_table":2,"minecraft:grass":10,"minecraft:oak_log":23,"minecraft:coal_ore":23,"minecraft:water_cauldron":1,"minecraft:vine":1,"minecraft:lantern":2,"minecraft:oak_stairs":1,"minecraft:cherry_leaves":3,"minecraft:gravel":13,"minecraft:dirt":16,"minecraft:bamboo":7,"minecraft:stone":61,"minecraft:oak_leaves":4},"minecraft:crafted":{"minecraft:cherry_planks":252,"minecraft:oak_planks":52,"minecraft:arrow":64,"minecraft:emerald":15,"minecraft:cooked_porkchop":8,"minecraft:crafting_table":3,"minecraft:wooden_pickaxe":1,"minecraft:furnace":2,"minecraft:stone_axe":2,"minecraft:bow":1,"minecraft:shield":1,"minecraft:stick":512,"minecraft:iron_ingot":1,"minecraft:stone_pickaxe":1,"minecraft:stone_sword":1,"minecraft:chest":2,"minecraft:torch":8},"minecraft:custom":{"minecraft:interact_with_furnace":8,"minecraft:mob_kills":59,"minecraft:traded_with_villager":20,"minecraft:interact_with_crafting_table":11,"minecraft:time_since_death":65515,"minecraft:sleep_in_bed":1,"minecraft:climb_one_cm":3779,"minecraft:time_since_rest":16615,"minecraft:sprint_one_cm":178664,"minecraft:damage_taken":915,"minecraft:walk_one_cm":157072,"minecraft:drop":94,"minecraft:damage_dealt":4877,"minecraft:swim_one_cm":5245,"minecraft:talked_to_villager":6,"minecraft:fly_one_cm":115869,"minecraft:open_chest":19,"minecraft:crouch_one_cm":3708,"minecraft:play_time":65515,"minecraft:walk_under_water_one_cm":944,"minecraft:sneak_time":2500,"minecraft:jump":714,"minecraft:walk_on_water_one_cm":4572,"minecraft:total_world_time":65515,"minecraft:fall_one_cm":18119},"minecraft:broken":{"minecraft:stone_axe":2,"minecraft:stone_sword":1},"minecraft:killed":{"minecraft:pig":11,"minecraft:witch":2,"minecraft:salmon":3,"alexsmobs:skunk":1,"minecraft:spider":2,"minecraft:sheep":5,"alexsmobs:blue_jay":1,"minecraft:zombie":6,"minecraft:chicken":7,"minecraft:cow":20}},"DataVersion":3465}