{"stats":{"minecraft:used":{"minecraft:stone_sword":133,"minecraft:ladder":1,"minecraft:chest":4,"minecraft:spruce_planks":12,"minecraft:shield":2,"minecraft:stone_hoe":33,"minecraft:torch":9,"minecraft:dirt":18,"minecraft:spruce_stairs":3,"minecraft:lantern":1,"minecraft:beef":7,"minecraft:bow":66,"minecraft:furnace":4,"minecraft:potato":1,"minecraft:stone_pickaxe":106,"minecraft:oak_planks":9,"minecraft:wooden_pickaxe":3,"minecraft:cauldron":2,"minecraft:fletching_table":2,"minecraft:crafting_table":8,"minecraft:red_bed":5,"minecraft:white_bed":1,"minecraft:oak_log":2,"minecraft:apple":5,"minecraft:chicken":6,"minecraft:bread":7,"minecraft:gravel":13,"minecraft:stone_axe":297,"minecraft:pink_petals":8,"minecraft:cobblestone":13,"minecraft:cooked_porkchop":6,"minecraft:porkchop":1,"alexsmobs:animal_dictionary":2},"minecraft:picked_up":{"minecraft:crafting_table":3,"minecraft:chicken":7,"minecraft:ladder":1,"minecraft:brown_mushroom":2,"minecraft:stone_slab":4,"minecraft:oak_stairs":1,"minecraft:red_bed":5,"minecraft:spruce_planks":12,"minecraft:beef":46,"minecraft:poppy":1,"minecraft:chest":2,"minecraft:furnace":2,"minecraft:raw_iron":1,"minecraft:stick":58,"minecraft:oak_fence":2,"minecraft:torch":6,"minecraft:spruce_stairs":5,"minecraft:spruce_fence":1,"minecraft:porkchop":26,"minecraft:cherry_log":194,"minecraft:cauldron":4,"minecraft:arrow":1,"minecraft:rotten_flesh":5,"minecraft:hay_block":19,"minecraft:mutton":8,"minecraft:cobblestone":59,"minecraft:white_wool":5,"minecraft:pink_petals":62,"minecraft:feather":7,"minecraft:salmon":3,"minecraft:leather":26,"minecraft:oak_log":23,"minecraft:lantern":2,"minecraft:dirt":18,"minecraft:bone":2,"minecraft:apple":2,"minecraft:bow":1,"minecraft:wheat_seeds":2,"minecraft:grindstone":1,"minecraft:iron_ingot":7,"minecraft:fletching_table":2,"minecraft:bamboo":67,"minecraft:oak_planks":5,"minecraft:gravel":13,"minecraft:white_bed":2,"minecraft:sugar":2,"minecraft:cherry_sapling":208,"alexsmobs:maggot":1,"minecraft:oak_sapling":12,"minecraft:coal":42},"minecraft:dropped":{"minecraft:porkchop":17,"minecraft:mutton":8,"minecraft:oak_stairs":1,"minecraft:pink_petals":35,"minecraft:cauldron":1,"minecraft:cherry_sapling":208,"minecraft:chicken":1,"minecraft:stone_slab":4,"minecraft:spruce_fence":1,"minecraft:poppy":1,"minecraft:bamboo":3,"minecraft:bow":1,"minecraft:beef":34},"minecraft:mined":{"minecraft:spruce_planks":12,"minecraft:white_bed":2,"minecraft:cherry_log":209,"minecraft:ladder":1,"minecraft:grass_block":2,"minecraft:spruce_fence":1,"minecraft:spruce_leaves":1,"minecraft:hay_block":20,"minecraft:furnace":2,"minecraft:iron_ore":1,"minecraft:fletching_table":2,"minecraft:vine":1,"minecraft:water_cauldron":1,"minecraft:oak_stairs":1,"minecraft:lantern":2,"minecraft:bamboo":7,"minecraft:stone":61,"minecraft:brown_mushroom":1,"minecraft:red_bed":5,"minecraft:oak_fence":2,"minecraft:crafting_table":3,"minecraft:torch":3,"minecraft:chest":2,"minecraft:stone_slab":2,"minecraft:tall_grass":1,"minecraft:grindstone":1,"minecraft:oak_planks":5,"minecraft:wall_torch":3,"minecraft:cauldron":2,"minecraft:pink_petals":4,"minecraft:spruce_stairs":5,"minecraft:grass":12,"minecraft:coal_ore":23,"minecraft:oak_log":23,"minecraft:cherry_leaves":3,"minecraft:gravel":13,"minecraft:dirt":16,"minecraft:oak_leaves":4},"minecraft:crafted":{"minecraft:cherry_planks":252,"minecraft:oak_planks":56,"minecraft:furnace":2,"minecraft:bow":1,"minecraft:stone_pickaxe":1,"minecraft:chest":2,"minecraft:stone_hoe":1,"minecraft:wheat":171,"minecraft:arrow":64,"minecraft:emerald":15,"minecraft:cooked_porkchop":8,"minecraft:crafting_table":5,"minecraft:wooden_pickaxe":1,"minecraft:stone_axe":3,"minecraft:shield":1,"minecraft:stick":512,"minecraft:iron_ingot":1,"minecraft:stone_sword":1,"minecraft:torch":8},"minecraft:custom":{"minecraft:mob_kills":66,"minecraft:interact_with_crafting_table":14,"minecraft:time_since_death":77515,"minecraft:climb_one_cm":3779,"minecraft:sprint_one_cm":226287,"minecraft:walk_one_cm":182450,"minecraft:damage_blocked_by_shield":50,"minecraft:drop":99,"minecraft:talked_to_villager":7,"minecraft:play_time":77515,"minecraft:sneak_time":2973,"minecraft:walk_under_water_one_cm":2014,"minecraft:jump":937,"minecraft:walk_on_water_one_cm":7905,"minecraft:total_world_time":77515,"minecraft:interact_with_furnace":8,"minecraft:traded_with_villager":20,"minecraft:sleep_in_bed":2,"minecraft:time_since_rest":11589,"minecraft:damage_taken":1028,"minecraft:damage_dealt":6707,"minecraft:swim_one_cm":26742,"minecraft:fly_one_cm":165496,"minecraft:open_chest":19,"minecraft:crouch_one_cm":3726,"minecraft:fall_one_cm":25196},"minecraft:broken":{"minecraft:stone_sword":1,"minecraft:stone_axe":2},"minecraft:killed":{"minecraft:witch":2,"minecraft:spider":3,"minecraft:skeleton":1,"alexsmobs:blue_jay":1,"minecraft:chicken":7,"minecraft:pig":11,"alexsmobs:skunk":1,"minecraft:salmon":3,"minecraft:iron_golem":2,"minecraft:sheep":5,"minecraft:zombie":6,"minecraft:cow":22}},"DataVersion":3465}