{"stats":{"minecraft:used":{"minecraft:stone_sword":133,"minecraft:stone_pickaxe":105,"minecraft:ladder":1,"minecraft:oak_planks":9,"minecraft:spruce_planks":12,"minecraft:chest":4,"minecraft:wooden_pickaxe":3,"minecraft:cauldron":2,"minecraft:fletching_table":2,"minecraft:torch":9,"minecraft:dirt":17,"minecraft:crafting_table":3,"minecraft:red_bed":5,"minecraft:spruce_stairs":3,"minecraft:white_bed":1,"minecraft:oak_log":2,"minecraft:apple":2,"minecraft:chicken":6,"minecraft:gravel":13,"minecraft:stone_axe":136,"minecraft:beef":6,"minecraft:porkchop":1,"minecraft:furnace":4,"minecraft:cooked_porkchop":6,"alexsmobs:animal_dictionary":2},"minecraft:picked_up":{"minecraft:pink_petals":19,"minecraft:crafting_table":2,"minecraft:feather":7,"minecraft:ladder":1,"minecraft:chicken":7,"minecraft:stone_slab":4,"minecraft:leather":21,"minecraft:brown_mushroom":2,"minecraft:oak_stairs":1,"minecraft:oak_log":23,"minecraft:dirt":17,"minecraft:red_bed":5,"minecraft:lantern":1,"minecraft:apple":2,"minecraft:wheat_seeds":2,"minecraft:spruce_planks":12,"minecraft:grindstone":1,"minecraft:beef":36,"minecraft:fletching_table":2,"minecraft:bamboo":67,"minecraft:chest":2,"minecraft:oak_planks":5,"minecraft:furnace":2,"minecraft:stick":27,"minecraft:raw_iron":1,"minecraft:oak_fence":2,"minecraft:torch":6,"minecraft:spruce_stairs":5,"minecraft:gravel":13,"minecraft:porkchop":18,"minecraft:cherry_log":79,"minecraft:white_bed":1,"minecraft:cauldron":3,"minecraft:rotten_flesh":5,"minecraft:sugar":2,"minecraft:cherry_sapling":44,"alexsmobs:maggot":1,"minecraft:oak_sapling":12,"minecraft:mutton":5,"minecraft:coal":42,"minecraft:white_wool":3,"minecraft:cobblestone":59},"minecraft:dropped":{"minecraft:mutton":5,"minecraft:beef":25},"minecraft:mined":{"minecraft:white_bed":1,"minecraft:spruce_planks":12,"minecraft:brown_mushroom":1,"minecraft:red_bed":5,"minecraft:cherry_log":79,"minecraft:oak_fence":2,"minecraft:crafting_table":2,"minecraft:torch":3,"minecraft:ladder":1,"minecraft:grass_block":1,"minecraft:chest":2,"minecraft:stone_slab":2,"minecraft:grindstone":1,"minecraft:oak_planks":5,"minecraft:wall_torch":3,"minecraft:cauldron":2,"minecraft:pink_petals":4,"minecraft:spruce_stairs":5,"minecraft:furnace":2,"minecraft:iron_ore":1,"minecraft:fletching_table":2,"minecraft:grass":10,"minecraft:oak_log":23,"minecraft:coal_ore":23,"minecraft:water_cauldron":1,"minecraft:vine":1,"minecraft:lantern":1,"minecraft:oak_stairs":1,"minecraft:cherry_leaves":3,"minecraft:gravel":13,"minecraft:dirt":16,"minecraft:bamboo":7,"minecraft:stone":61,"minecraft:oak_leaves":4},"minecraft:crafted":{"minecraft:cherry_planks":240,"minecraft:oak_planks":52,"minecraft:arrow":64,"minecraft:emerald":15,"minecraft:cooked_porkchop":8,"minecraft:crafting_table":2,"minecraft:wooden_pickaxe":1,"minecraft:furnace":2,"minecraft:stone_axe":1,"minecraft:bow":1,"minecraft:stick":488,"minecraft:iron_ingot":1,"minecraft:stone_pickaxe":1,"minecraft:stone_sword":1,"minecraft:chest":2,"minecraft:torch":8},"minecraft:custom":{"minecraft:interact_with_furnace":8,"minecraft:mob_kills":44,"minecraft:traded_with_villager":20,"minecraft:interact_with_crafting_table":9,"minecraft:time_since_death":53515,"minecraft:sleep_in_bed":1,"minecraft:climb_one_cm":3618,"minecraft:time_since_rest":4615,"minecraft:sprint_one_cm":113318,"minecraft:damage_taken":785,"minecraft:walk_one_cm":126974,"minecraft:drop":30,"minecraft:damage_dealt":4877,"minecraft:talked_to_villager":6,"minecraft:fly_one_cm":73166,"minecraft:open_chest":16,"minecraft:crouch_one_cm":3708,"minecraft:play_time":53515,"minecraft:sneak_time":2419,"minecraft:jump":504,"minecraft:walk_on_water_one_cm":3334,"minecraft:total_world_time":53515,"minecraft:fall_one_cm":12953},"minecraft:broken":{"minecraft:stone_axe":1,"minecraft:stone_sword":1},"minecraft:killed":{"minecraft:pig":7,"minecraft:witch":1,"alexsmobs:skunk":1,"minecraft:spider":1,"minecraft:sheep":3,"alexsmobs:blue_jay":1,"minecraft:zombie":4,"minecraft:chicken":7,"minecraft:cow":18}},"DataVersion":3465}