{"stats":{"minecraft:used":{"minecraft:oak_log":2,"minecraft:apple":2,"minecraft:stone_sword":39,"minecraft:chicken":6,"minecraft:stone_pickaxe":99,"minecraft:chest":3,"minecraft:spruce_planks":12,"minecraft:wooden_pickaxe":3,"minecraft:cauldron":2,"minecraft:gravel":13,"minecraft:torch":5,"minecraft:stone_axe":35,"minecraft:dirt":17,"minecraft:beef":6,"minecraft:crafting_table":3,"minecraft:cooked_porkchop":1,"minecraft:furnace":4,"alexsmobs:animal_dictionary":2},"minecraft:picked_up":{"minecraft:raw_iron":1,"minecraft:stick":6,"minecraft:crafting_table":2,"minecraft:feather":7,"minecraft:chicken":6,"minecraft:oak_fence":2,"minecraft:leather":7,"minecraft:brown_mushroom":2,"minecraft:torch":2,"minecraft:gravel":13,"minecraft:porkchop":8,"minecraft:oak_log":23,"minecraft:cauldron":2,"minecraft:dirt":17,"minecraft:sugar":2,"minecraft:apple":2,"minecraft:wheat_seeds":1,"minecraft:spruce_planks":12,"minecraft:beef":9,"minecraft:oak_sapling":12,"minecraft:chest":1,"minecraft:coal":42,"minecraft:cobblestone":59,"minecraft:furnace":2},"minecraft:mined":{"minecraft:spruce_planks":12,"minecraft:brown_mushroom":1,"minecraft:furnace":2,"minecraft:iron_ore":1,"minecraft:oak_fence":2,"minecraft:crafting_table":2,"minecraft:grass":3,"minecraft:coal_ore":23,"minecraft:grass_block":1,"minecraft:oak_log":23,"minecraft:chest":1,"minecraft:vine":1,"minecraft:gravel":13,"minecraft:dirt":16,"minecraft:stone":61,"minecraft:oak_leaves":4,"minecraft:wall_torch":2,"minecraft:cauldron":2},"minecraft:crafted":{"minecraft:oak_planks":52,"minecraft:cooked_porkchop":8,"minecraft:crafting_table":2,"minecraft:stick":8,"minecraft:iron_ingot":1,"minecraft:wooden_pickaxe":1,"minecraft:stone_pickaxe":1,"minecraft:stone_sword":1,"minecraft:chest":2,"minecraft:furnace":2,"minecraft:torch":8,"minecraft:stone_axe":1},"minecraft:custom":{"minecraft:time_since_rest":29515,"minecraft:interact_with_furnace":8,"minecraft:sprint_one_cm":38305,"minecraft:damage_taken":330,"minecraft:walk_one_cm":59995,"minecraft:mob_kills":17,"minecraft:damage_dealt":1763,"minecraft:interact_with_crafting_table":9,"minecraft:fly_one_cm":28661,"minecraft:open_chest":13,"minecraft:crouch_one_cm":2163,"minecraft:play_time":29515,"minecraft:sneak_time":1147,"minecraft:jump":226,"minecraft:time_since_death":29515,"minecraft:walk_on_water_one_cm":1791,"minecraft:climb_one_cm":1728,"minecraft:total_world_time":29515,"minecraft:fall_one_cm":5659},"minecraft:killed":{"minecraft:pig":4,"alexsmobs:blue_jay":1,"minecraft:witch":1,"minecraft:chicken":6,"minecraft:cow":5}},"DataVersion":3465}